model,MAE,RMSE,Spearman,R2
Mean,2.419700687329942,2.982223708388588,nan,-0.8450165170890531
Ridge,1.853496803621272,2.3928703583594957,0.7470588235294118,-0.18784058922167546
Random forest,2.306089954012051,2.941429262523431,0.3576239068223682,-0.7948850438374049
Extra trees,1.8331510516043006,2.414328149992226,0.5990281188202887,-0.20923975786919025
