index,round,carbon_source,carbon_concentration_g_L,glycerol_pct,methanol_pct,specific_productivity_mg_L_OD600,normalized_process_load_proxy
65,4,Glycerol ,0.266666667,0.16,0.0,6.875644131,0.007144641258091665
48,3,Galactose,2.402133333,0.346666667,0.5,9.068405241,0.044414841755582725
63,4,Lactose,4.25,0.213333333,0.3,9.327893178,0.04564222899695705
76,5,Galactose,4.0,0.2,0.4,10.82774498,0.04685055349766314
75,5,Galactose,10.5,0.2,1.1,12.01550933,0.11375397301529948
72,5,Galactose,21.0,0.0,2.1,12.3536583,0.21073120878711707
